timestamp,source_ip,dest_ip,log_source,anomaly_score,prediction,alert_level
unknown,192.168.251.112,unknown,auth,0.045861297366923626,0,NORMAL
unknown,192.168.92.71,unknown,auth,0.028016227180527382,0,NORMAL
unknown,192.168.164.48,unknown,auth,0.20499385401650347,0,NORMAL
unknown,192.168.51.32,unknown,auth,0.14518611444055113,0,NORMAL
unknown,192.168.21.113,unknown,auth,0.060565154993467187,0,NORMAL
unknown,192.168.238.132,unknown,auth,0.0,0,NORMAL
unknown,192.168.230.17,unknown,auth,0.045067393058390755,0,NORMAL
unknown,192.168.165.117,unknown,auth,0.005281173594132028,0,NORMAL
unknown,192.168.116.36,unknown,auth,0.21965991369140792,0,NORMAL
unknown,192.168.221.242,unknown,auth,0.10344792479773708,0,NORMAL
unknown,192.168.222.63,unknown,auth,0.0788968246111061,0,NORMAL
unknown,192.168.137.78,unknown,auth,0.029859859987852823,0,NORMAL
unknown,192.168.169.122,unknown,auth,0.03677698219350502,0,NORMAL
unknown,192.168.175.43,unknown,auth,0.01712871287128713,0,NORMAL
unknown,192.168.81.86,unknown,auth,0.02886326314637083,0,NORMAL
unknown,192.168.224.15,unknown,auth,0.029316408387449804,0,NORMAL
unknown,192.168.53.101,unknown,auth,0.03446867359413203,0,NORMAL
unknown,192.168.162.97,unknown,auth,0.01686286594761171,0,NORMAL
unknown,192.168.155.1,unknown,auth,0.09174122084962548,0,NORMAL
unknown,192.168.93.140,unknown,auth,0.015592235108987657,0,NORMAL
unknown,192.168.168.207,unknown,auth,0.006392251815980628,0,NORMAL
unknown,192.168.58.68,unknown,auth,0.03794535269860964,0,NORMAL
unknown,192.168.118.91,unknown,auth,0.07101387388974169,0,NORMAL
unknown,192.168.180.230,unknown,auth,0.01647196261682243,0,NORMAL
unknown,192.168.44.147,unknown,auth,0.03205372958988255,0,NORMAL
unknown,192.168.23.188,unknown,auth,0.0,0,NORMAL
unknown,192.168.90.93,unknown,auth,0.6866854907013483,1,MEDIUM
unknown,192.168.57.236,unknown,auth,0.04847395630789872,0,NORMAL
unknown,192.168.154.153,unknown,auth,0.008135593220338983,0,NORMAL
unknown,192.168.127.6,unknown,auth,0.0,0,NORMAL
unknown,192.168.169.46,unknown,auth,0.15130331447697687,0,NORMAL
unknown,192.168.52.186,unknown,auth,0.10155452528387292,0,NORMAL
unknown,192.168.37.196,unknown,auth,0.03094576975395488,0,NORMAL
unknown,192.168.214.219,unknown,auth,0.013582089552238805,0,NORMAL
unknown,192.168.225.52,unknown,auth,0.6120901926222693,1,MEDIUM
unknown,192.168.142.223,unknown,auth,0.008082089552238804,0,NORMAL
unknown,192.168.153.47,unknown,auth,0.10924248987364842,0,NORMAL
unknown,192.168.94.146,unknown,auth,0.09770324308193791,0,NORMAL
unknown,192.168.136.63,unknown,auth,0.087093249966762,0,NORMAL
unknown,192.168.92.181,unknown,auth,0.0045000000000000005,0,NORMAL
unknown,192.168.124.249,unknown,auth,0.06470466904460492,0,NORMAL
unknown,192.168.178.38,unknown,auth,0.003582089552238805,0,NORMAL
unknown,192.168.3.125,unknown,auth,0.1779943484847165,0,NORMAL
unknown,192.168.2.247,unknown,auth,0.16140347394540944,0,NORMAL
unknown,192.168.63.28,unknown,auth,0.028755624454475007,0,NORMAL
unknown,192.168.115.10,unknown,auth,0.16020328465807393,0,NORMAL
unknown,192.168.96.101,unknown,auth,0.1110444414519523,0,NORMAL
unknown,192.168.185.202,unknown,auth,0.1709761952794596,0,NORMAL
unknown,192.168.154.224,unknown,auth,0.06421324368872211,0,NORMAL
unknown,192.168.20.38,unknown,auth,0.029351679104477616,0,NORMAL
unknown,192.168.222.101,unknown,auth,0.011943977591036414,0,NORMAL
unknown,192.168.45.65,unknown,auth,0.040008718695091455,0,NORMAL
unknown,192.168.90.163,unknown,auth,0.058319438156734134,0,NORMAL
unknown,192.168.202.110,unknown,auth,0.0158929753267884,0,NORMAL
unknown,192.168.81.122,unknown,auth,0.03642285616962664,0,NORMAL
unknown,192.168.192.190,unknown,auth,0.015674481781137423,0,NORMAL
unknown,192.168.98.34,unknown,auth,0.048824855223705776,0,NORMAL
unknown,192.168.158.155,unknown,auth,0.057274479664692415,0,NORMAL
unknown,192.168.102.128,unknown,auth,0.040796975843628985,0,NORMAL
unknown,192.168.24.42,unknown,auth,0.03091714126676749,0,NORMAL
unknown,192.168.229.83,unknown,auth,0.1589919499234869,0,NORMAL
unknown,192.168.194.190,unknown,auth,0.08360187548376326,0,NORMAL
unknown,192.168.50.129,unknown,auth,0.013653266617387843,0,NORMAL
unknown,192.168.209.125,unknown,auth,0.0918321302717353,0,NORMAL
unknown,192.168.235.252,unknown,auth,0.08849624060150375,0,NORMAL
unknown,192.168.191.201,unknown,auth,0.08025125038413342,0,NORMAL
unknown,192.168.68.8,unknown,auth,0.11786577021596047,0,NORMAL
unknown,192.168.1.161,unknown,auth,0.0311512150763748,0,NORMAL
unknown,192.168.187.229,unknown,auth,0.06773505160549972,0,NORMAL
unknown,192.168.188.158,unknown,auth,0.09483956332821265,0,NORMAL
unknown,192.168.9.113,unknown,auth,0.0246875,0,NORMAL
unknown,192.168.75.163,unknown,auth,0.027827866100523346,0,NORMAL
unknown,192.168.245.84,unknown,auth,0.0046875,0,NORMAL
unknown,192.168.48.238,unknown,auth,0.060598233022440315,0,NORMAL
unknown,192.168.69.239,unknown,auth,0.02206548806381403,0,NORMAL
unknown,192.168.176.130,unknown,auth,0.028135593220338984,0,NORMAL
unknown,192.168.201.132,unknown,auth,0.09638280191734404,0,NORMAL
unknown,192.168.237.217,unknown,auth,0.11244309606634767,0,NORMAL
unknown,192.168.188.212,unknown,auth,0.05049866778806825,0,NORMAL
unknown,192.168.236.89,unknown,auth,0.11522712052162237,0,NORMAL
unknown,192.168.229.254,unknown,auth,0.6511975263793591,1,MEDIUM
unknown,192.168.235.25,unknown,auth,0.0,0,NORMAL
unknown,192.168.71.4,unknown,auth,0.04599489324310976,0,NORMAL
unknown,192.168.253.14,unknown,auth,0.07,0,NORMAL
unknown,192.168.122.143,unknown,auth,0.021197645556748853,0,NORMAL
unknown,192.168.0.143,unknown,auth,0.058194072219231945,0,NORMAL
unknown,192.168.164.2,unknown,auth,0.11657334186053454,0,NORMAL
unknown,192.168.179.46,unknown,auth,0.0091875,0,NORMAL
unknown,192.168.94.12,unknown,auth,0.08920964768267017,0,NORMAL
unknown,192.168.119.207,unknown,auth,0.06173774647870314,0,NORMAL
unknown,192.168.54.234,unknown,auth,0.0,0,NORMAL
unknown,192.168.148.65,unknown,auth,0.06861553723120242,0,NORMAL
unknown,192.168.181.154,unknown,auth,0.061047332709509995,0,NORMAL
unknown,192.168.165.89,unknown,auth,0.10305959173537009,0,NORMAL
unknown,192.168.185.61,unknown,auth,0.2092506438193485,0,NORMAL
unknown,192.168.250.101,unknown,auth,0.0096,0,NORMAL
unknown,192.168.173.216,unknown,auth,0.02878132220505102,0,NORMAL
unknown,192.168.138.199,unknown,auth,0.027597162193508558,0,NORMAL
unknown,192.168.7.96,unknown,auth,0.04975586930105469,0,NORMAL
unknown,192.168.116.198,unknown,auth,0.07157067252007353,0,NORMAL
unknown,192.168.63.229,unknown,auth,0.0,0,NORMAL
unknown,192.168.20.199,unknown,auth,0.07057594909841995,0,NORMAL
unknown,192.168.114.245,unknown,auth,0.040667405954771134,0,NORMAL
unknown,192.168.190.84,unknown,auth,0.03198303528990975,0,NORMAL
unknown,192.168.191.247,unknown,auth,0.052587113607807136,0,NORMAL
unknown,192.168.19.7,unknown,auth,0.047164179104477615,0,NORMAL
unknown,192.168.57.45,unknown,auth,0.0586256532563374,0,NORMAL
unknown,192.168.30.241,unknown,auth,0.003582089552238805,0,NORMAL
unknown,192.168.248.92,unknown,auth,0.02788307117718882,0,NORMAL
unknown,192.168.239.8,unknown,auth,0.05825648702142998,0,NORMAL
unknown,192.168.14.93,unknown,auth,0.14556341349961507,0,NORMAL
unknown,192.168.153.137,unknown,auth,0.029907581187030546,0,NORMAL
unknown,192.168.28.245,unknown,auth,0.01,0,NORMAL
unknown,192.168.79.35,unknown,auth,0.05048996073444723,0,NORMAL
unknown,192.168.83.108,unknown,auth,0.13235982531016016,0,NORMAL
unknown,192.168.117.36,unknown,auth,0.030823951058173572,0,NORMAL
unknown,192.168.85.70,unknown,auth,0.01,0,NORMAL
unknown,192.168.150.168,unknown,auth,0.04851314282950853,0,NORMAL
unknown,192.168.231.92,unknown,auth,0.0034285714285714284,0,NORMAL
unknown,192.168.79.101,unknown,auth,0.12607721850830575,0,NORMAL
unknown,192.168.155.175,unknown,auth,0.037105050947078264,0,NORMAL
unknown,192.168.165.158,unknown,auth,0.040209878138398575,0,NORMAL
unknown,192.168.13.116,unknown,auth,0.01,0,NORMAL
unknown,192.168.224.248,unknown,auth,0.03440677966101695,0,NORMAL
unknown,192.168.72.248,unknown,auth,0.08768453767190416,0,NORMAL
unknown,192.168.254.90,unknown,auth,0.04385358611646652,0,NORMAL
unknown,192.168.215.204,unknown,auth,0.08347130693998732,0,NORMAL
unknown,192.168.89.28,unknown,auth,0.13469173694717132,0,NORMAL
unknown,192.168.178.48,unknown,auth,0.13105244589883333,0,NORMAL
unknown,192.168.170.219,unknown,auth,0.08336249889873919,0,NORMAL
unknown,192.168.219.71,unknown,auth,0.06442027569748165,0,NORMAL
unknown,192.168.214.220,unknown,auth,0.10292216461195519,0,NORMAL
unknown,192.168.132.41,unknown,auth,0.004682926829268287,0,NORMAL
unknown,192.168.134.41,unknown,auth,0.12142488138357592,0,NORMAL
unknown,192.168.163.104,unknown,auth,0.02352774264412749,0,NORMAL
unknown,192.168.26.57,unknown,auth,0.12982999449962807,0,NORMAL
unknown,192.168.45.65,unknown,auth,0.03700195647219455,0,NORMAL
unknown,192.168.24.72,unknown,auth,0.04132285866044207,0,NORMAL
unknown,192.168.116.154,unknown,auth,0.01446867359413203,0,NORMAL
unknown,192.168.128.86,unknown,auth,0.12197127039554595,0,NORMAL
unknown,192.168.73.169,unknown,auth,0.012882561234545746,0,NORMAL
unknown,192.168.179.152,unknown,auth,0.004682926829268287,0,NORMAL
unknown,192.168.181.124,unknown,auth,0.15994218848029046,0,NORMAL
unknown,192.168.66.5,unknown,auth,0.036970954356846476,0,NORMAL
unknown,192.168.124.57,unknown,auth,0.045223910253756675,0,NORMAL
unknown,192.168.69.52,unknown,auth,0.020182926829268286,0,NORMAL
unknown,192.168.65.57,unknown,auth,0.1424468000171798,0,NORMAL
unknown,192.168.249.81,unknown,auth,0.003582089552238805,0,NORMAL
unknown,192.168.86.1,unknown,auth,0.12080828631546363,0,NORMAL
unknown,192.168.203.149,unknown,auth,0.0,0,NORMAL
unknown,192.168.36.147,unknown,auth,0.019968673594132028,0,NORMAL
unknown,192.168.102.23,unknown,auth,0.21368241768893323,0,NORMAL
unknown,192.168.111.211,unknown,auth,0.003582089552238805,0,NORMAL
unknown,192.168.64.192,unknown,auth,0.008470588235294119,0,NORMAL
unknown,192.168.208.250,unknown,auth,0.2872946783419439,0,NORMAL
unknown,192.168.128.116,unknown,auth,0.11414498915038485,0,NORMAL
unknown,192.168.115.236,unknown,auth,0.01504206804048287,0,NORMAL
unknown,192.168.221.104,unknown,auth,0.061667284712064944,0,NORMAL
unknown,192.168.238.2,unknown,auth,0.06268601271430126,0,NORMAL
unknown,192.168.45.54,unknown,auth,0.04428251492521474,0,NORMAL
unknown,192.168.74.215,unknown,auth,0.09781094336108145,0,NORMAL
unknown,192.168.213.191,unknown,auth,0.17738822453254283,0,NORMAL
unknown,192.168.235.44,unknown,auth,0.013600517129928895,0,NORMAL
unknown,192.168.153.76,unknown,auth,0.026402777301627857,0,NORMAL
unknown,192.168.192.23,unknown,auth,0.20704430730184906,0,NORMAL
unknown,192.168.254.201,unknown,auth,0.03716417910447761,0,NORMAL
unknown,192.168.34.23,unknown,auth,0.18774437651356898,0,NORMAL
unknown,192.168.27.227,unknown,auth,0.05854298720609804,0,NORMAL
unknown,192.168.207.231,unknown,auth,0.003582089552238805,0,NORMAL
unknown,192.168.15.58,unknown,auth,0.0331785673371193,0,NORMAL
unknown,192.168.208.242,unknown,auth,0.11997608770106215,0,NORMAL
unknown,192.168.181.206,unknown,auth,0.01,0,NORMAL
unknown,192.168.143.14,unknown,auth,0.026970954356846474,0,NORMAL
unknown,192.168.248.225,unknown,auth,0.01,0,NORMAL
unknown,192.168.10.192,unknown,auth,0.03,0,NORMAL
unknown,192.168.78.217,unknown,auth,0.0208302736528464,0,NORMAL
unknown,192.168.114.67,unknown,auth,0.004682926829268287,0,NORMAL
unknown,192.168.42.68,unknown,auth,0.157796709370384,0,NORMAL
unknown,192.168.226.140,unknown,auth,0.05977902658720471,0,NORMAL
unknown,192.168.137.74,unknown,auth,0.008863263146370834,0,NORMAL
unknown,192.168.209.225,unknown,auth,0.08371328326888237,0,NORMAL
unknown,192.168.102.40,unknown,auth,0.1840000167919714,0,NORMAL
unknown,192.168.233.177,unknown,auth,0.0075000000000000015,0,NORMAL
unknown,192.168.214.198,unknown,auth,0.10105243168051993,0,NORMAL
unknown,192.168.58.38,unknown,auth,0.0155,0,NORMAL
unknown,192.168.2.203,unknown,auth,0.01685714285714286,0,NORMAL
unknown,192.168.6.48,unknown,auth,0.07815621832007846,0,NORMAL
unknown,192.168.25.160,unknown,auth,0.5755403309362441,1,MEDIUM
unknown,192.168.100.175,unknown,auth,0.060494888829565614,0,NORMAL
unknown,192.168.78.1,unknown,auth,0.138134740165855,0,NORMAL
unknown,192.168.232.126,unknown,auth,0.0474233344365226,0,NORMAL
unknown,192.168.198.159,unknown,auth,0.08294138037107313,0,NORMAL
unknown,192.168.131.19,unknown,auth,0.016970954356846476,0,NORMAL
unknown,192.168.241.116,unknown,auth,0.009908209437621208,0,NORMAL
unknown,192.168.163.31,unknown,auth,0.06645262018047753,0,NORMAL
unknown,192.168.27.76,unknown,auth,0.016859477775563087,0,NORMAL
unknown,192.168.0.187,unknown,auth,0.11053541546173123,0,NORMAL
unknown,192.168.55.34,unknown,auth,0.11253359839503058,0,NORMAL
unknown,192.168.111.29,unknown,auth,0.004682926829268287,0,NORMAL
unknown,192.168.53.35,unknown,auth,0.050969637904319444,0,NORMAL
unknown,192.168.248.182,unknown,auth,0.05791392180667168,0,NORMAL
unknown,192.168.216.79,unknown,auth,0.06396204006704446,0,NORMAL
unknown,192.168.57.82,unknown,auth,0.11707532538672298,0,NORMAL
unknown,192.168.64.68,unknown,auth,0.004682926829268287,0,NORMAL
unknown,192.168.127.50,unknown,auth,0.0576756868827177,0,NORMAL
unknown,192.168.21.215,unknown,auth,0.01685714285714286,0,NORMAL
unknown,192.168.106.108,unknown,auth,0.0,0,NORMAL
unknown,192.168.115.100,unknown,auth,0.0861681796946214,0,NORMAL
unknown,192.168.180.99,unknown,auth,0.0091875,0,NORMAL
unknown,192.168.163.67,unknown,auth,0.1329015089608151,0,NORMAL
unknown,192.168.35.179,unknown,auth,0.028791201613774357,0,NORMAL
unknown,192.168.180.209,unknown,auth,0.052629485634375826,0,NORMAL
unknown,192.168.177.207,unknown,auth,0.0740095614094213,0,NORMAL
unknown,192.168.168.145,unknown,auth,0.09473467987674543,0,NORMAL
unknown,192.168.21.65,unknown,auth,0.03233703242570238,0,NORMAL
unknown,192.168.20.99,unknown,auth,0.02955588476229634,0,NORMAL
unknown,192.168.127.43,unknown,auth,0.02293926182942615,0,NORMAL
unknown,192.168.102.46,unknown,auth,0.10493559912020822,0,NORMAL
unknown,192.168.38.28,unknown,auth,0.03685732106625619,0,NORMAL
unknown,192.168.53.89,unknown,auth,0.09350910370749582,0,NORMAL
unknown,192.168.84.16,unknown,auth,0.06206946891517744,0,NORMAL
unknown,192.168.79.187,unknown,auth,0.037772798577448745,0,NORMAL
unknown,192.168.158.242,unknown,auth,0.008082089552238804,0,NORMAL
unknown,192.168.72.222,unknown,auth,0.06990033968770487,0,NORMAL
unknown,192.168.205.48,unknown,auth,0.10455091102156892,0,NORMAL
unknown,192.168.100.1,unknown,auth,0.1395872196681574,0,NORMAL
unknown,192.168.243.175,unknown,auth,0.0,0,NORMAL
unknown,192.168.237.141,unknown,auth,0.06213589096264969,0,NORMAL
unknown,192.168.58.96,unknown,auth,0.01446867359413203,0,NORMAL
unknown,192.168.98.185,unknown,auth,0.041221978793220544,0,NORMAL
unknown,192.168.102.185,unknown,auth,0.014682926829268288,0,NORMAL
unknown,192.168.238.178,unknown,auth,0.013582089552238805,0,NORMAL
unknown,192.168.211.1,unknown,auth,0.1263353548750836,0,NORMAL
unknown,192.168.242.40,unknown,auth,0.05459381028464744,0,NORMAL
unknown,192.168.210.122,unknown,auth,0.06631070395982051,0,NORMAL
unknown,192.168.228.81,unknown,auth,0.02974054390908528,0,NORMAL
unknown,192.168.143.131,unknown,auth,0.0690059667037664,0,NORMAL
unknown,192.168.139.28,unknown,auth,0.12635000288562123,0,NORMAL
unknown,192.168.134.13,unknown,auth,0.5261991996358257,1,MEDIUM
unknown,192.168.246.11,unknown,auth,0.1,0,NORMAL
unknown,192.168.98.132,unknown,auth,0.01058307210031348,0,NORMAL
unknown,192.168.80.249,unknown,auth,0.0045000000000000005,0,NORMAL
unknown,192.168.105.31,unknown,auth,0.1156375629851886,0,NORMAL
unknown,192.168.73.170,unknown,auth,0.025445769753954878,0,NORMAL
unknown,192.168.80.68,unknown,auth,0.07219015451485662,0,NORMAL
unknown,192.168.44.105,unknown,auth,0.004251521298174443,0,NORMAL
unknown,192.168.136.176,unknown,auth,0.04166944806927669,0,NORMAL
unknown,192.168.160.227,unknown,auth,0.0045000000000000005,0,NORMAL
unknown,192.168.99.145,unknown,auth,0.0612936814556331,0,NORMAL
unknown,192.168.8.61,unknown,auth,0.10682823064295616,0,NORMAL
unknown,192.168.184.28,unknown,auth,0.008727272727272728,0,NORMAL
unknown,192.168.124.113,unknown,auth,0.07145178208350159,0,NORMAL
unknown,192.168.205.152,unknown,auth,0.028018269230769235,0,NORMAL
unknown,192.168.142.133,unknown,auth,0.04309277166718923,0,NORMAL
unknown,192.168.119.169,unknown,auth,0.07453073341406308,0,NORMAL
unknown,192.168.156.78,unknown,auth,0.003582089552238805,0,NORMAL
unknown,192.168.92.3,unknown,auth,0.039931486215581374,0,NORMAL
unknown,192.168.81.241,unknown,auth,0.08464959171442395,0,NORMAL
unknown,192.168.184.176,unknown,auth,0.026700595336561918,0,NORMAL
unknown,192.168.171.230,unknown,auth,0.060638133594334204,0,NORMAL
unknown,192.168.207.74,unknown,auth,0.10191816452711912,0,NORMAL
unknown,192.168.13.130,unknown,auth,0.22761727026361175,0,NORMAL
unknown,192.168.242.113,unknown,auth,0.028425969886055346,0,NORMAL
unknown,192.168.61.105,unknown,auth,0.02805076314637083,0,NORMAL
unknown,192.168.63.101,unknown,auth,0.02287672103650383,0,NORMAL
unknown,192.168.172.105,unknown,auth,0.03696816687245556,0,NORMAL
unknown,192.168.209.185,unknown,auth,0.11240609000650435,0,NORMAL
unknown,192.168.254.19,unknown,auth,0.05464383981596801,0,NORMAL
unknown,192.168.57.111,unknown,auth,0.003310344827586207,0,NORMAL
unknown,192.168.216.56,unknown,auth,0.08507761970333695,0,NORMAL
unknown,192.168.229.204,unknown,auth,0.003582089552238805,0,NORMAL
unknown,192.168.195.118,unknown,auth,0.003582089552238805,0,NORMAL
unknown,192.168.205.96,unknown,auth,0.03662856276531232,0,NORMAL
unknown,192.168.91.51,unknown,auth,0.02228292682926829,0,NORMAL
unknown,192.168.36.7,unknown,auth,0.08807397219118475,0,NORMAL
unknown,192.168.43.97,unknown,auth,0.01446867359413203,0,NORMAL
unknown,192.168.235.132,unknown,auth,0.0046875,0,NORMAL
unknown,192.168.117.68,unknown,auth,0.004682926829268287,0,NORMAL
unknown,192.168.158.44,unknown,auth,0.03966769945892576,0,NORMAL
unknown,192.168.136.233,unknown,auth,0.0,0,NORMAL
unknown,192.168.31.32,unknown,auth,0.011310344827586208,0,NORMAL
unknown,192.168.125.66,unknown,auth,0.14074454445648168,0,NORMAL
unknown,192.168.29.113,unknown,auth,0.1146875,0,NORMAL
unknown,192.168.203.28,unknown,auth,0.04952660751864294,0,NORMAL
unknown,192.168.130.217,unknown,auth,0.08671640484216964,0,NORMAL
unknown,192.168.184.252,unknown,auth,0.06182910574110077,0,NORMAL
unknown,192.168.29.136,unknown,auth,0.06543583718865703,0,NORMAL
unknown,192.168.153.129,unknown,auth,0.10666024056828237,0,NORMAL
unknown,192.168.61.2,unknown,auth,0.05950734135810005,0,NORMAL
unknown,192.168.173.67,unknown,auth,0.004682926829268287,0,NORMAL
unknown,192.168.24.178,unknown,auth,0.0,0,NORMAL
unknown,192.168.140.230,unknown,auth,0.008971962616822432,0,NORMAL
unknown,192.168.43.162,unknown,auth,0.08791553583956198,0,NORMAL
unknown,192.168.54.214,unknown,auth,0.05462996044055979,0,NORMAL
unknown,192.168.136.129,unknown,auth,0.06638863200010076,0,NORMAL
unknown,192.168.188.245,unknown,auth,0.024897855866849054,0,NORMAL
unknown,192.168.40.171,unknown,auth,0.008421052631578947,0,NORMAL
unknown,192.168.63.30,unknown,auth,0.06159267433668428,0,NORMAL
unknown,192.168.235.46,unknown,auth,0.0,0,NORMAL
unknown,192.168.129.95,unknown,auth,0.05038061155447754,0,NORMAL
unknown,192.168.209.76,unknown,auth,0.030958454356846472,0,NORMAL
unknown,192.168.109.68,unknown,auth,0.026970954356846474,0,NORMAL
unknown,192.168.57.105,unknown,auth,0.023672449117946203,0,NORMAL
unknown,192.168.43.73,unknown,auth,0.6635181445187334,1,MEDIUM
unknown,192.168.255.55,unknown,auth,0.0,0,NORMAL
unknown,192.168.170.126,unknown,auth,0.034045151602960934,0,NORMAL
unknown,192.168.216.161,unknown,auth,0.06546316939270096,0,NORMAL
unknown,192.168.228.29,unknown,auth,0.0096,0,NORMAL
unknown,192.168.70.254,unknown,auth,0.05137686720059602,0,NORMAL
unknown,192.168.197.117,unknown,auth,0.0075000000000000015,0,NORMAL
unknown,192.168.54.66,unknown,auth,0.004682926829268287,0,NORMAL
unknown,192.168.140.2,unknown,auth,0.1374964840336687,0,NORMAL
unknown,192.168.25.56,unknown,auth,0.054144339400469595,0,NORMAL
unknown,192.168.125.151,unknown,auth,0.027427991886409736,0,NORMAL
unknown,192.168.52.197,unknown,auth,0.0,0,NORMAL
unknown,192.168.42.187,unknown,auth,0.05391491070474721,0,NORMAL
unknown,192.168.185.48,unknown,auth,0.003582089552238805,0,NORMAL
unknown,192.168.41.203,unknown,auth,0.036582133390318516,0,NORMAL
unknown,192.168.240.227,unknown,auth,0.07678204352459861,0,NORMAL
unknown,192.168.193.10,unknown,auth,0.07393584444927676,0,NORMAL
unknown,192.168.102.97,unknown,auth,0.09749534733523302,0,NORMAL
unknown,192.168.217.145,unknown,auth,0.01,0,NORMAL
unknown,192.168.84.99,unknown,auth,0.07004588791414953,0,NORMAL
unknown,192.168.103.179,unknown,auth,0.08371011393675136,0,NORMAL
unknown,192.168.45.43,unknown,auth,0.03847291082904102,0,NORMAL
unknown,192.168.21.180,unknown,auth,0.01,0,NORMAL
unknown,192.168.186.221,unknown,auth,0.08935070479535945,0,NORMAL
unknown,192.168.113.234,unknown,auth,0.028349945637310817,0,NORMAL
unknown,192.168.254.124,unknown,auth,0.07139327271559442,0,NORMAL
unknown,192.168.123.29,unknown,auth,0.02421630705545612,0,NORMAL
unknown,192.168.7.97,unknown,auth,0.03426267202214313,0,NORMAL
unknown,192.168.56.110,unknown,auth,0.03190872079516915,0,NORMAL
unknown,192.168.72.114,unknown,auth,0.05817003100276977,0,NORMAL
unknown,192.168.19.231,unknown,auth,0.1221523415322998,0,NORMAL
unknown,192.168.24.18,unknown,auth,0.12626673935557758,0,NORMAL
unknown,192.168.4.74,unknown,auth,0.16799575182224546,0,NORMAL
unknown,192.168.206.127,unknown,auth,0.06897624414565943,0,NORMAL
unknown,192.168.71.210,unknown,auth,0.0,0,NORMAL
unknown,192.168.214.154,unknown,auth,0.09777283303628824,0,NORMAL
unknown,192.168.39.223,unknown,auth,0.006392251815980628,0,NORMAL
unknown,192.168.25.26,unknown,auth,0.2146657712387645,0,NORMAL
unknown,192.168.189.82,unknown,auth,0.03756831710885065,0,NORMAL
unknown,192.168.127.177,unknown,auth,0.04721858101725357,0,NORMAL
unknown,192.168.169.156,unknown,auth,0.11626705370741557,0,NORMAL
unknown,192.168.166.187,unknown,auth,0.031515137885007566,0,NORMAL
unknown,192.168.168.32,unknown,auth,0.08682863596043017,0,NORMAL
unknown,192.168.210.228,unknown,auth,0.09788759148267916,0,NORMAL
unknown,192.168.210.96,unknown,auth,0.018767687213184295,0,NORMAL
unknown,192.168.110.15,unknown,auth,0.02578693359549558,0,NORMAL
unknown,192.168.22.134,unknown,auth,0.06823098271200596,0,NORMAL
unknown,192.168.25.95,unknown,auth,0.040611935092958344,0,NORMAL
unknown,192.168.11.71,unknown,auth,0.04888888888888889,0,NORMAL
unknown,192.168.132.105,unknown,auth,0.18015145996863396,0,NORMAL
unknown,192.168.219.116,unknown,auth,0.0875229627766093,0,NORMAL
unknown,192.168.196.176,unknown,auth,0.15621317617795852,0,NORMAL
unknown,192.168.25.132,unknown,auth,0.0275,0,NORMAL
unknown,192.168.21.206,unknown,auth,0.04395907312417331,0,NORMAL
unknown,192.168.12.155,unknown,auth,0.1074380384842888,0,NORMAL
unknown,192.168.160.106,unknown,auth,0.03196867359413203,0,NORMAL
unknown,192.168.22.96,unknown,auth,0.0,0,NORMAL
unknown,192.168.234.17,unknown,auth,0.019316408387449798,0,NORMAL
unknown,192.168.241.116,unknown,auth,0.046275659079094617,0,NORMAL
unknown,192.168.29.25,unknown,auth,0.014682926829268288,0,NORMAL
unknown,192.168.143.204,unknown,auth,0.04630115577663421,0,NORMAL
unknown,192.168.38.160,unknown,auth,0.043515837239155745,0,NORMAL
unknown,192.168.153.175,unknown,auth,0.021837785115142765,0,NORMAL
unknown,192.168.192.240,unknown,auth,0.03231886757310486,0,NORMAL
unknown,192.168.165.129,unknown,auth,0.07069812073058943,0,NORMAL
unknown,192.168.112.133,unknown,auth,0.08161520557474318,0,NORMAL
unknown,192.168.45.49,unknown,auth,0.003310344827586207,0,NORMAL
unknown,192.168.165.105,unknown,auth,0.008135593220338983,0,NORMAL
unknown,192.168.215.145,unknown,auth,0.06572184148233039,0,NORMAL
unknown,192.168.154.168,unknown,auth,0.034800118572516386,0,NORMAL
unknown,192.168.71.219,unknown,auth,0.022245910352565998,0,NORMAL
unknown,192.168.73.16,unknown,auth,0.10650444579497861,0,NORMAL
unknown,192.168.246.189,unknown,auth,0.04746887076364109,0,NORMAL
unknown,192.168.156.185,unknown,auth,0.11370868010007829,0,NORMAL
unknown,192.168.69.205,unknown,auth,0.02206548806381403,0,NORMAL
unknown,192.168.149.245,unknown,auth,0.016394948335246844,0,NORMAL
unknown,192.168.5.25,unknown,auth,0.5993484377978884,1,MEDIUM
unknown,192.168.166.139,unknown,auth,0.06868829459217944,0,NORMAL
unknown,192.168.98.141,unknown,auth,0.038183230599090706,0,NORMAL
unknown,192.168.21.50,unknown,auth,0.02254111405835544,0,NORMAL
unknown,192.168.150.175,unknown,auth,0.058128453613364425,0,NORMAL
unknown,192.168.198.103,unknown,auth,0.03640580607056039,0,NORMAL
unknown,192.168.177.88,unknown,auth,0.0375,0,NORMAL
unknown,192.168.140.212,unknown,auth,0.03826573410333099,0,NORMAL
unknown,192.168.232.137,unknown,auth,0.09578976373820738,0,NORMAL
unknown,192.168.244.182,unknown,auth,0.03596978138687052,0,NORMAL
unknown,192.168.250.8,unknown,auth,0.01,0,NORMAL
unknown,192.168.78.51,unknown,auth,0.11466204209017947,0,NORMAL
unknown,192.168.129.152,unknown,auth,0.010393305606787773,0,NORMAL
unknown,192.168.12.225,unknown,auth,0.06314980869499409,0,NORMAL
unknown,192.168.50.185,unknown,auth,0.06248104574282109,0,NORMAL
unknown,192.168.33.34,unknown,auth,0.056668486802077235,0,NORMAL
unknown,192.168.229.130,unknown,auth,0.052519838665210615,0,NORMAL
unknown,192.168.254.233,unknown,auth,0.08268009932196396,0,NORMAL
unknown,192.168.119.186,unknown,auth,0.015075363770439833,0,NORMAL
unknown,192.168.69.246,unknown,auth,0.008082089552238804,0,NORMAL
unknown,192.168.175.191,unknown,auth,0.003582089552238805,0,NORMAL
unknown,192.168.240.146,unknown,auth,0.02,0,NORMAL
unknown,192.168.66.209,unknown,auth,0.026985767954761136,0,NORMAL
unknown,192.168.102.72,unknown,auth,0.11851601292508879,0,NORMAL
unknown,192.168.115.203,unknown,auth,0.0045000000000000005,0,NORMAL
unknown,192.168.132.66,unknown,auth,0.027052127950978503,0,NORMAL
unknown,192.168.138.120,unknown,auth,0.07247990137447563,0,NORMAL
unknown,192.168.93.195,unknown,auth,0.011228971962616826,0,NORMAL
unknown,192.168.196.128,unknown,auth,0.0091875,0,NORMAL
unknown,192.168.90.91,unknown,auth,0.2732287044360752,0,NORMAL
unknown,192.168.62.28,unknown,auth,0.09468129535612539,0,NORMAL
unknown,192.168.209.11,unknown,auth,0.021244638567372787,0,NORMAL
unknown,192.168.76.40,unknown,auth,0.050969637904319444,0,NORMAL
unknown,192.168.129.36,unknown,auth,0.08500833058862531,0,NORMAL
unknown,192.168.172.207,unknown,auth,0.0045000000000000005,0,NORMAL
unknown,192.168.175.23,unknown,auth,0.5619459793647524,1,MEDIUM
unknown,192.168.98.149,unknown,auth,0.21106640807305477,0,NORMAL
unknown,192.168.99.138,unknown,auth,0.047159587847192264,0,NORMAL
unknown,192.168.246.57,unknown,auth,0.0,0,NORMAL
unknown,192.168.173.28,unknown,auth,0.05785209857208783,0,NORMAL
unknown,192.168.162.239,unknown,auth,0.16239485300210416,0,NORMAL
unknown,192.168.245.142,unknown,auth,0.0046875,0,NORMAL
unknown,192.168.59.94,unknown,auth,0.05509396421241726,0,NORMAL
unknown,192.168.41.232,unknown,auth,0.02865575686635622,0,NORMAL
unknown,192.168.42.207,unknown,auth,0.023242068665797477,0,NORMAL
unknown,192.168.73.176,unknown,auth,0.0,0,NORMAL
unknown,192.168.191.159,unknown,auth,0.07283202352219613,0,NORMAL
unknown,192.168.63.242,unknown,auth,0.006392251815980628,0,NORMAL
unknown,192.168.1.151,unknown,auth,0.07981346954079106,0,NORMAL
unknown,192.168.214.65,unknown,auth,0.07687640939292702,0,NORMAL
unknown,192.168.165.30,unknown,auth,0.07246169107735627,0,NORMAL
unknown,192.168.114.231,unknown,auth,0.14453717382306652,0,NORMAL
unknown,192.168.25.28,unknown,auth,0.09192194461512329,0,NORMAL
unknown,192.168.194.249,unknown,auth,0.043862600519880154,0,NORMAL
unknown,192.168.77.255,unknown,auth,0.0336649790887079,0,NORMAL
unknown,192.168.24.47,unknown,auth,0.10887937825255543,0,NORMAL
unknown,192.168.64.180,unknown,auth,0.03580783623156505,0,NORMAL
unknown,192.168.66.245,unknown,auth,0.10399597579213288,0,NORMAL
unknown,192.168.89.145,unknown,auth,0.03755068097782944,0,NORMAL
unknown,192.168.136.37,unknown,auth,0.05074352651825957,0,NORMAL
unknown,192.168.86.148,unknown,auth,0.13613788645517114,0,NORMAL
unknown,192.168.248.64,unknown,auth,0.030538086388401525,0,NORMAL
unknown,192.168.148.26,unknown,auth,0.1046329025635099,0,NORMAL
unknown,192.168.105.122,unknown,auth,0.047159587847192264,0,NORMAL
unknown,192.168.197.246,unknown,auth,0.0,0,NORMAL
unknown,192.168.255.43,unknown,auth,0.008269589552238806,0,NORMAL
unknown,192.168.99.27,unknown,auth,0.08295686047684972,0,NORMAL
unknown,192.168.172.16,unknown,auth,0.6212725578454568,1,MEDIUM
unknown,192.168.126.122,unknown,auth,0.09493802695792157,0,NORMAL
unknown,192.168.167.249,unknown,auth,0.02090307432680314,0,NORMAL
unknown,192.168.243.130,unknown,auth,0.0,0,NORMAL
unknown,192.168.75.230,unknown,auth,0.04550478704997245,0,NORMAL
unknown,192.168.203.193,unknown,auth,0.7093012957404068,1,HIGH
unknown,192.168.247.45,unknown,auth,0.0,0,NORMAL
unknown,192.168.213.214,unknown,auth,0.05536637244092607,0,NORMAL
unknown,192.168.157.68,unknown,auth,0.054216307055456124,0,NORMAL
unknown,192.168.136.84,unknown,auth,0.0170521279509785,0,NORMAL
unknown,192.168.10.68,unknown,auth,0.05446875042019192,0,NORMAL
unknown,192.168.98.90,unknown,auth,0.6526292255452683,1,MEDIUM
unknown,192.168.240.193,unknown,auth,0.027351607206969573,0,NORMAL
unknown,192.168.215.158,unknown,auth,0.13429960223795764,0,NORMAL
unknown,192.168.160.166,unknown,auth,0.05394618088094313,0,NORMAL
unknown,192.168.93.173,unknown,auth,0.0926271312764573,0,NORMAL
unknown,192.168.164.114,unknown,auth,0.08808009657040924,0,NORMAL
unknown,192.168.219.187,unknown,auth,0.018751902587519027,0,NORMAL
unknown,192.168.30.10,unknown,auth,0.09430118381489364,0,NORMAL
unknown,192.168.86.120,unknown,auth,0.013582089552238805,0,NORMAL
unknown,192.168.129.231,unknown,auth,0.5802631908723752,1,MEDIUM
unknown,192.168.104.26,unknown,auth,0.05337536892233592,0,NORMAL
unknown,192.168.226.1,unknown,auth,0.05481264367554394,0,NORMAL
unknown,192.168.102.100,unknown,auth,0.012037617554858937,0,NORMAL
unknown,192.168.20.57,unknown,auth,0.0421875,0,NORMAL
unknown,192.168.132.179,unknown,auth,0.10593340330158725,0,NORMAL
unknown,192.168.172.84,unknown,auth,0.03456527977044476,0,NORMAL
unknown,192.168.92.19,unknown,auth,0.14112552077182408,0,NORMAL
unknown,192.168.254.60,unknown,auth,0.019230769230769232,0,NORMAL
unknown,192.168.37.147,unknown,auth,0.07154279689561674,0,NORMAL
unknown,192.168.241.24,unknown,auth,0.029473877708978326,0,NORMAL
unknown,192.168.129.120,unknown,auth,0.019774680220177296,0,NORMAL
unknown,192.168.159.25,unknown,auth,0.1648820783999781,0,NORMAL
unknown,192.168.197.168,unknown,auth,0.0575,0,NORMAL
unknown,192.168.248.66,unknown,auth,0.0034285714285714284,0,NORMAL
unknown,192.168.224.0,unknown,auth,0.08827350244703647,0,NORMAL
unknown,192.168.50.4,unknown,auth,0.10620553042057158,0,NORMAL
unknown,192.168.12.146,unknown,auth,0.02426267202214313,0,NORMAL
unknown,192.168.139.47,unknown,auth,0.12330863292903038,0,NORMAL
unknown,192.168.152.56,unknown,auth,0.03522391025375668,0,NORMAL
unknown,192.168.114.34,unknown,auth,0.004682926829268287,0,NORMAL
unknown,192.168.75.93,unknown,auth,0.024803851321092703,0,NORMAL
unknown,192.168.4.225,unknown,auth,0.020232059777245168,0,NORMAL
unknown,192.168.21.102,unknown,auth,0.018340766617387844,0,NORMAL
unknown,192.168.204.184,unknown,auth,0.16596373149927313,0,NORMAL
unknown,192.168.174.181,unknown,auth,0.07087075140481153,0,NORMAL
unknown,192.168.130.123,unknown,auth,0.0,0,NORMAL
unknown,192.168.52.211,unknown,auth,0.037504152800500984,0,NORMAL
unknown,192.168.158.68,unknown,auth,0.026432852698609642,0,NORMAL
unknown,192.168.215.103,unknown,auth,0.05854570337783689,0,NORMAL
unknown,192.168.245.160,unknown,auth,0.003582089552238805,0,NORMAL
unknown,192.168.199.215,unknown,auth,0.7602865070599719,1,HIGH
unknown,192.168.177.211,unknown,auth,0.037512602517492714,0,NORMAL
unknown,192.168.251.15,unknown,auth,0.026394948335246846,0,NORMAL
unknown,192.168.241.115,unknown,auth,0.03363655969857694,0,NORMAL
unknown,192.168.75.204,unknown,auth,0.008470588235294119,0,NORMAL
unknown,192.168.108.233,unknown,auth,0.042680466693886226,0,NORMAL
unknown,192.168.38.88,unknown,auth,0.65970465657356,1,MEDIUM
unknown,192.168.173.255,unknown,auth,0.017912087912087912,0,NORMAL
unknown,192.168.223.253,unknown,auth,0.0784487349138636,0,NORMAL
unknown,192.168.215.111,unknown,auth,0.07388787508134528,0,NORMAL
unknown,192.168.46.171,unknown,auth,0.04146793342167028,0,NORMAL
unknown,192.168.136.231,unknown,auth,0.10807191431595152,0,NORMAL
unknown,192.168.241.214,unknown,auth,0.03622078287806252,0,NORMAL
unknown,192.168.127.177,unknown,auth,0.003582089552238805,0,NORMAL
unknown,192.168.76.187,unknown,auth,0.012882561234545746,0,NORMAL
unknown,192.168.250.223,unknown,auth,0.016220782878062515,0,NORMAL
unknown,192.168.241.14,unknown,auth,0.008622754491017966,0,NORMAL
unknown,192.168.35.240,unknown,auth,0.05122838137472283,0,NORMAL
unknown,192.168.62.68,unknown,auth,0.1851547162011443,0,NORMAL
unknown,192.168.213.207,unknown,auth,0.06886201281151991,0,NORMAL
unknown,192.168.168.73,unknown,auth,0.054415335430131655,0,NORMAL
unknown,192.168.23.209,unknown,auth,0.07078417100789983,0,NORMAL
unknown,192.168.48.145,unknown,auth,0.06243583718865703,0,NORMAL
unknown,192.168.6.3,unknown,auth,0.11309834401777027,0,NORMAL
unknown,192.168.89.196,unknown,auth,0.017054052169061237,0,NORMAL
unknown,192.168.59.54,unknown,auth,0.13082695578088402,0,NORMAL
unknown,192.168.15.226,unknown,auth,0.02685714285714286,0,NORMAL
unknown,192.168.255.217,unknown,auth,0.01716417910447761,0,NORMAL
unknown,192.168.209.28,unknown,auth,0.03024040389663278,0,NORMAL
unknown,192.168.150.244,unknown,auth,0.025992251815980628,0,NORMAL
unknown,192.168.13.78,unknown,auth,0.18885252214093184,0,NORMAL
unknown,192.168.176.32,unknown,auth,0.031630513591575246,0,NORMAL
unknown,192.168.152.20,unknown,auth,0.26246542603002365,0,NORMAL
unknown,192.168.144.22,unknown,auth,0.04724535269860964,0,NORMAL
unknown,192.168.56.234,unknown,auth,0.04828481910739185,0,NORMAL
unknown,192.168.208.185,unknown,auth,0.03298888888888889,0,NORMAL
unknown,192.168.141.92,unknown,auth,0.017616227180527383,0,NORMAL
unknown,192.168.19.157,unknown,auth,0.037267441860465114,0,NORMAL
unknown,192.168.18.180,unknown,auth,0.04685714285714286,0,NORMAL
unknown,192.168.102.183,unknown,auth,0.028901979861899463,0,NORMAL
unknown,192.168.76.209,unknown,auth,0.031991224299409426,0,NORMAL
unknown,192.168.150.189,unknown,auth,0.05421324368872212,0,NORMAL
unknown,192.168.237.32,unknown,auth,0.006970954356846474,0,NORMAL
unknown,192.168.230.231,unknown,auth,0.614081746220544,1,MEDIUM
unknown,192.168.17.72,unknown,auth,0.07,0,NORMAL
unknown,192.168.160.159,unknown,auth,0.04045036868973341,0,NORMAL
unknown,192.168.188.181,unknown,auth,0.02887447311787831,0,NORMAL
unknown,192.168.16.18,unknown,auth,0.03579727262965747,0,NORMAL
unknown,192.168.218.69,unknown,auth,0.17042122352833652,0,NORMAL
unknown,192.168.226.119,unknown,auth,0.11389122625676638,0,NORMAL
unknown,192.168.100.33,unknown,auth,0.13555450621515774,0,NORMAL
unknown,192.168.83.152,unknown,auth,0.07938853744649049,0,NORMAL
unknown,192.168.195.73,unknown,auth,0.14492435290253813,0,NORMAL
unknown,192.168.201.87,unknown,auth,0.003582089552238805,0,NORMAL
unknown,192.168.84.10,unknown,auth,0.03720421348830864,0,NORMAL
unknown,192.168.90.143,unknown,auth,0.060290438319607856,0,NORMAL
unknown,192.168.217.188,unknown,auth,0.053636021415727875,0,NORMAL
unknown,192.168.252.221,unknown,auth,0.025868467261217134,0,NORMAL
unknown,192.168.126.112,unknown,auth,0.08045389398033569,0,NORMAL
unknown,192.168.79.6,unknown,auth,0.03627294679027699,0,NORMAL
unknown,192.168.15.226,unknown,auth,0.09645714285714285,0,NORMAL
unknown,192.168.249.15,unknown,auth,0.056879918235481206,0,NORMAL
unknown,192.168.167.253,unknown,auth,0.02,0,NORMAL
unknown,192.168.11.34,unknown,auth,0.04496792653715348,0,NORMAL
unknown,192.168.240.20,unknown,auth,0.03850848701575464,0,NORMAL
unknown,192.168.177.170,unknown,auth,0.029214112036684784,0,NORMAL
unknown,192.168.227.239,unknown,auth,0.01986301369863014,0,NORMAL
unknown,192.168.16.31,unknown,auth,0.03,0,NORMAL
unknown,192.168.40.133,unknown,auth,0.029395918367346938,0,NORMAL
unknown,192.168.215.26,unknown,auth,0.15398196741144368,0,NORMAL
unknown,192.168.147.152,unknown,auth,0.10332812201954468,0,NORMAL
unknown,192.168.65.136,unknown,auth,0.042424600505533844,0,NORMAL
unknown,192.168.91.180,unknown,auth,0.06840463914029611,0,NORMAL
unknown,192.168.60.165,unknown,auth,0.025445769753954878,0,NORMAL
unknown,192.168.2.211,unknown,auth,0.04,0,NORMAL
unknown,192.168.197.102,unknown,auth,0.09570657666234945,0,NORMAL
unknown,192.168.224.54,unknown,auth,0.0048000000000000004,0,NORMAL
unknown,192.168.0.100,unknown,auth,0.10512049067711506,0,NORMAL
unknown,192.168.197.44,unknown,auth,0.01,0,NORMAL
unknown,192.168.225.174,unknown,auth,0.10028127972104695,0,NORMAL
unknown,192.168.206.236,unknown,auth,0.08428773800999767,0,NORMAL
unknown,192.168.25.120,unknown,auth,0.06473226476795846,0,NORMAL
unknown,192.168.141.249,unknown,auth,0.02687964677396382,0,NORMAL
unknown,192.168.181.198,unknown,auth,0.04306550745836574,0,NORMAL
unknown,192.168.45.254,unknown,auth,0.02,0,NORMAL
unknown,192.168.121.30,unknown,auth,0.11930286346795327,0,NORMAL
unknown,192.168.215.58,unknown,auth,0.020039057698873333,0,NORMAL
unknown,192.168.222.28,unknown,auth,0.020941176470588237,0,NORMAL
unknown,192.168.105.223,unknown,auth,0.06417144102659841,0,NORMAL
unknown,192.168.16.141,unknown,auth,0.19226685556614548,0,NORMAL
unknown,192.168.231.163,unknown,auth,0.03236474769012083,0,NORMAL
unknown,192.168.255.185,unknown,auth,0.003582089552238805,0,NORMAL
unknown,192.168.239.23,unknown,auth,0.052781338546502646,0,NORMAL
unknown,192.168.108.190,unknown,auth,0.0,0,NORMAL
unknown,192.168.245.90,unknown,auth,0.0046875,0,NORMAL
unknown,192.168.24.186,unknown,auth,0.01608791208791209,0,NORMAL
unknown,192.168.31.115,unknown,auth,0.017336457692973296,0,NORMAL
unknown,192.168.81.109,unknown,auth,0.07902623927961512,0,NORMAL
unknown,192.168.145.36,unknown,auth,0.21886195143874032,0,NORMAL
unknown,192.168.25.136,unknown,auth,0.09838238070843726,0,NORMAL
unknown,192.168.251.226,unknown,auth,0.03812922502334268,0,NORMAL
unknown,192.168.63.71,unknown,auth,0.03247095435684647,0,NORMAL
unknown,192.168.147.181,unknown,auth,0.013559069049995464,0,NORMAL
unknown,192.168.105.85,unknown,auth,0.01943182294478138,0,NORMAL
unknown,192.168.210.157,unknown,auth,0.018787500000000002,0,NORMAL
unknown,192.168.52.91,unknown,auth,0.03955550267395571,0,NORMAL
unknown,192.168.98.234,unknown,auth,0.04756076072642503,0,NORMAL
unknown,192.168.190.10,unknown,auth,0.09599151791563255,0,NORMAL
unknown,192.168.30.176,unknown,auth,0.05074836715655228,0,NORMAL
unknown,192.168.239.230,unknown,auth,0.015635593220338983,0,NORMAL
unknown,192.168.99.221,unknown,auth,0.04173250053937322,0,NORMAL
unknown,192.168.86.146,unknown,auth,0.02383943229563291,0,NORMAL
unknown,192.168.139.14,unknown,auth,0.1343242362512053,0,NORMAL
unknown,192.168.158.170,unknown,auth,0.031098134168921803,0,NORMAL
unknown,192.168.100.164,unknown,auth,0.016943257676902537,0,NORMAL
unknown,192.168.206.28,unknown,auth,0.0139875,0,NORMAL
unknown,192.168.113.106,unknown,auth,0.028538911327499958,0,NORMAL
unknown,192.168.153.107,unknown,auth,0.02450799038433506,0,NORMAL
unknown,192.168.129.83,unknown,auth,0.20127814308469308,0,NORMAL
unknown,192.168.14.243,unknown,auth,0.5814578320870329,1,MEDIUM
unknown,192.168.131.213,unknown,auth,0.031022293098927598,0,NORMAL
unknown,192.168.49.165,unknown,auth,0.003582089552238805,0,NORMAL
unknown,192.168.22.58,unknown,auth,0.1115861463445957,0,NORMAL
unknown,192.168.89.114,unknown,auth,0.03190872079516915,0,NORMAL
unknown,192.168.74.155,unknown,auth,0.0526059691339133,0,NORMAL
unknown,192.168.247.193,unknown,auth,0.019216856892010536,0,NORMAL
unknown,192.168.122.135,unknown,auth,0.06944469035766526,0,NORMAL
unknown,192.168.156.138,unknown,auth,0.054682926829268286,0,NORMAL
unknown,192.168.228.17,unknown,auth,0.02254063669263326,0,NORMAL
unknown,192.168.182.253,unknown,auth,0.008135593220338983,0,NORMAL
unknown,192.168.49.141,unknown,auth,0.07658360221421998,0,NORMAL
unknown,192.168.117.201,unknown,auth,0.020065690307717623,0,NORMAL
unknown,192.168.226.136,unknown,auth,0.05274491024633371,0,NORMAL
unknown,192.168.226.138,unknown,auth,0.06997580262631435,0,NORMAL
unknown,192.168.190.107,unknown,auth,0.008135593220338983,0,NORMAL
unknown,192.168.203.66,unknown,auth,0.0,0,NORMAL
unknown,192.168.180.166,unknown,auth,0.046880389986648584,0,NORMAL
unknown,192.168.77.183,unknown,auth,0.008082089552238804,0,NORMAL
unknown,192.168.155.74,unknown,auth,0.0,0,NORMAL
unknown,192.168.38.24,unknown,auth,0.09807058823529413,0,NORMAL
unknown,192.168.20.137,unknown,auth,0.07110609927455905,0,NORMAL
unknown,192.168.170.14,unknown,auth,0.09300107377223267,0,NORMAL
unknown,192.168.210.47,unknown,auth,0.055342721944142345,0,NORMAL
unknown,192.168.85.148,unknown,auth,0.02886326314637083,0,NORMAL
unknown,192.168.187.115,unknown,auth,0.017427991886409738,0,NORMAL
unknown,192.168.235.223,unknown,auth,0.0454802968654934,0,NORMAL
unknown,192.168.49.150,unknown,auth,0.03205372958988255,0,NORMAL
unknown,192.168.140.68,unknown,auth,0.13843262030486214,0,NORMAL
unknown,192.168.3.219,unknown,auth,0.04328512100173497,0,NORMAL
unknown,192.168.77.199,unknown,auth,0.0045000000000000005,0,NORMAL
unknown,192.168.8.120,unknown,auth,0.1368234311144773,0,NORMAL
unknown,192.168.114.162,unknown,auth,0.0045000000000000005,0,NORMAL
unknown,192.168.100.148,unknown,auth,0.06872350875301166,0,NORMAL
unknown,192.168.185.145,unknown,auth,0.10168307094479498,0,NORMAL
unknown,192.168.96.199,unknown,auth,0.05602346076441744,0,NORMAL
unknown,192.168.242.240,unknown,auth,0.01676417910447761,0,NORMAL
unknown,192.168.255.80,unknown,auth,0.12152547081087134,0,NORMAL
unknown,192.168.42.94,unknown,auth,0.09636102394596623,0,NORMAL
unknown,192.168.225.5,unknown,auth,0.010998716302952499,0,NORMAL
unknown,192.168.213.205,unknown,auth,0.0582103194048552,0,NORMAL
unknown,192.168.66.139,unknown,auth,0.02603891702143342,0,NORMAL
unknown,192.168.99.11,unknown,auth,0.16845482110757817,0,NORMAL
unknown,192.168.236.65,unknown,auth,0.025850586388401525,0,NORMAL
unknown,192.168.1.142,unknown,auth,0.654810592269489,1,MEDIUM
unknown,192.168.150.156,unknown,auth,0.6319238844104798,1,MEDIUM
unknown,192.168.80.223,unknown,auth,0.07791713399900535,0,NORMAL
unknown,192.168.134.221,unknown,auth,0.12955897597534083,0,NORMAL
unknown,192.168.155.141,unknown,auth,0.06632850630364202,0,NORMAL
unknown,192.168.171.157,unknown,auth,0.1424973101079144,0,NORMAL
unknown,192.168.208.159,unknown,auth,0.07672897196261683,0,NORMAL
unknown,192.168.237.69,unknown,auth,0.577133052255736,1,MEDIUM
unknown,192.168.114.87,unknown,auth,0.03907895629504823,0,NORMAL
unknown,192.168.5.26,unknown,auth,0.0646875,0,NORMAL
unknown,192.168.81.87,unknown,auth,0.0978428886736177,0,NORMAL
unknown,192.168.228.119,unknown,auth,0.004682926829268287,0,NORMAL
unknown,192.168.23.101,unknown,auth,0.09326808759230992,0,NORMAL
unknown,192.168.33.167,unknown,auth,0.05794948675371088,0,NORMAL
unknown,192.168.46.206,unknown,auth,0.014682926829268288,0,NORMAL
unknown,192.168.202.213,unknown,auth,0.13553276928558983,0,NORMAL
unknown,192.168.245.23,unknown,auth,0.01,0,NORMAL
unknown,192.168.64.17,unknown,auth,0.04987404949545036,0,NORMAL
unknown,192.168.43.75,unknown,auth,0.18896890450729173,0,NORMAL
unknown,192.168.56.106,unknown,auth,0.03449071620801318,0,NORMAL
unknown,192.168.155.231,unknown,auth,0.12186873720731914,0,NORMAL
unknown,192.168.123.198,unknown,auth,0.018528898827126758,0,NORMAL
unknown,192.168.150.212,unknown,auth,0.05602346076441744,0,NORMAL
unknown,192.168.161.138,unknown,auth,0.28348888340332956,0,NORMAL
unknown,192.168.213.233,unknown,auth,0.1649074395948573,0,NORMAL
unknown,192.168.162.115,unknown,auth,0.06063730268945114,0,NORMAL
unknown,192.168.92.41,unknown,auth,0.04510964768267019,0,NORMAL
unknown,192.168.27.122,unknown,auth,0.015119868637110017,0,NORMAL
unknown,192.168.209.205,unknown,auth,0.018751902587519027,0,NORMAL
unknown,192.168.209.219,unknown,auth,0.060774468987934635,0,NORMAL
unknown,192.168.23.135,unknown,auth,0.10335954244478059,0,NORMAL
unknown,192.168.105.117,unknown,auth,0.023690891994776843,0,NORMAL
unknown,192.168.236.52,unknown,auth,0.09116073267731391,0,NORMAL
unknown,192.168.199.131,unknown,auth,0.05436263556732069,0,NORMAL
unknown,192.168.218.99,unknown,auth,0.02191192120895493,0,NORMAL
unknown,192.168.4.224,unknown,auth,0.04468292682926829,0,NORMAL
unknown,192.168.48.97,unknown,auth,0.03687893604795165,0,NORMAL
unknown,192.168.29.71,unknown,auth,0.09457806781610785,0,NORMAL
unknown,192.168.102.62,unknown,auth,0.11838850085622042,0,NORMAL
unknown,192.168.174.25,unknown,auth,0.1146440896733114,0,NORMAL
unknown,192.168.184.36,unknown,auth,0.09144549609747848,0,NORMAL
unknown,192.168.225.6,unknown,auth,0.04919981823651014,0,NORMAL
unknown,192.168.126.167,unknown,auth,0.01859684694883146,0,NORMAL
unknown,192.168.91.166,unknown,auth,0.12318627310593831,0,NORMAL
unknown,192.168.189.102,unknown,auth,0.02816806359521205,0,NORMAL
unknown,192.168.219.254,unknown,auth,0.13395713884165458,0,NORMAL
unknown,192.168.205.52,unknown,auth,0.011770954356846474,0,NORMAL
unknown,192.168.241.229,unknown,auth,0.059264971570051166,0,NORMAL
unknown,192.168.131.233,unknown,auth,0.02473205977724517,0,NORMAL
unknown,192.168.209.107,unknown,auth,0.024626407592898518,0,NORMAL
unknown,192.168.111.152,unknown,auth,0.022027623898391663,0,NORMAL
unknown,192.168.6.229,unknown,auth,0.09083530778164922,0,NORMAL
unknown,192.168.155.196,unknown,auth,0.08056437359622903,0,NORMAL
unknown,192.168.66.107,unknown,auth,0.16227066382503824,0,NORMAL
unknown,192.168.222.110,unknown,auth,0.004682926829268287,0,NORMAL
unknown,192.168.233.249,unknown,auth,0.04245112781954887,0,NORMAL
unknown,192.168.147.82,unknown,auth,0.0,0,NORMAL
unknown,192.168.239.123,unknown,auth,0.0,0,NORMAL
unknown,192.168.138.103,unknown,auth,0.29988446978435856,0,NORMAL
unknown,192.168.66.214,unknown,auth,0.031991224299409426,0,NORMAL
unknown,192.168.6.150,unknown,auth,0.02,0,NORMAL
unknown,192.168.188.198,unknown,auth,0.09044131398789894,0,NORMAL
unknown,192.168.109.33,unknown,auth,0.02421630705545612,0,NORMAL
unknown,192.168.105.146,unknown,auth,0.07624324688701387,0,NORMAL
unknown,192.168.57.8,unknown,auth,0.08554044662427956,0,NORMAL
unknown,192.168.47.114,unknown,auth,0.04188457033006741,0,NORMAL
unknown,192.168.209.40,unknown,auth,0.03414054390908528,0,NORMAL
unknown,192.168.47.172,unknown,auth,0.003582089552238805,0,NORMAL
unknown,192.168.233.24,unknown,auth,0.07168703628162292,0,NORMAL
unknown,192.168.115.77,unknown,auth,0.039037144374727786,0,NORMAL
unknown,192.168.107.24,unknown,auth,0.13065110159935334,0,NORMAL
unknown,192.168.146.38,unknown,auth,0.019609647682670185,0,NORMAL
unknown,192.168.118.78,unknown,auth,0.07315133785540742,0,NORMAL
unknown,192.168.79.26,unknown,auth,0.09844336348531359,0,NORMAL
unknown,192.168.103.73,unknown,auth,0.010420168067226891,0,NORMAL
unknown,192.168.190.67,unknown,auth,0.08247353348065607,0,NORMAL
unknown,192.168.242.146,unknown,auth,0.0378537227478404,0,NORMAL
unknown,192.168.254.27,unknown,auth,0.0,0,NORMAL
unknown,192.168.212.122,unknown,auth,0.6143330625204573,1,MEDIUM
unknown,192.168.238.205,unknown,auth,0.003582089552238805,0,NORMAL
unknown,192.168.160.239,unknown,auth,0.06507201625524417,0,NORMAL
unknown,192.168.137.82,unknown,auth,0.03104479860909881,0,NORMAL
unknown,192.168.29.21,unknown,auth,0.07788851739059804,0,NORMAL
unknown,192.168.2.100,unknown,auth,0.028744939271255057,0,NORMAL
unknown,192.168.104.209,unknown,auth,0.011857951621204323,0,NORMAL
unknown,192.168.202.175,unknown,auth,0.008888888888888889,0,NORMAL
unknown,192.168.1.203,unknown,auth,0.06804263944148338,0,NORMAL
unknown,192.168.53.5,unknown,auth,0.10123475056943212,0,NORMAL
unknown,192.168.106.250,unknown,auth,0.05162708436225245,0,NORMAL
unknown,192.168.167.235,unknown,auth,0.03627118644067797,0,NORMAL
unknown,192.168.220.122,unknown,auth,0.0091875,0,NORMAL
unknown,192.168.221.1,unknown,auth,0.04118271906272883,0,NORMAL
unknown,192.168.200.110,unknown,auth,0.030480066129483886,0,NORMAL
unknown,192.168.1.92,unknown,auth,0.1842447137057475,0,NORMAL
unknown,192.168.224.201,unknown,auth,0.20219182389613244,0,NORMAL
unknown,192.168.225.235,unknown,auth,0.1609873679790852,0,NORMAL
unknown,192.168.182.199,unknown,auth,0.136740106615186,0,NORMAL
unknown,192.168.100.245,unknown,auth,0.10305479932154464,0,NORMAL
unknown,192.168.187.96,unknown,auth,0.015466188983430364,0,NORMAL
unknown,192.168.110.5,unknown,auth,0.04424020021288342,0,NORMAL
unknown,192.168.235.126,unknown,auth,0.03296336206896552,0,NORMAL
unknown,192.168.103.236,unknown,auth,0.08890766591557898,0,NORMAL
unknown,192.168.146.223,unknown,auth,0.0558170088513463,0,NORMAL
unknown,192.168.154.0,unknown,auth,0.549205972553528,1,MEDIUM
unknown,192.168.234.243,unknown,auth,0.003582089552238805,0,NORMAL
unknown,192.168.32.253,unknown,auth,0.0,0,NORMAL
unknown,192.168.39.31,unknown,auth,0.01636326314637083,0,NORMAL
unknown,192.168.196.16,unknown,auth,0.07128648937334708,0,NORMAL
unknown,192.168.125.7,unknown,auth,0.6628725920411647,1,MEDIUM
unknown,192.168.56.41,unknown,auth,0.14211440505039563,0,NORMAL
unknown,192.168.97.136,unknown,auth,0.0598581121365865,0,NORMAL
unknown,192.168.119.86,unknown,auth,0.11689540981570787,0,NORMAL
unknown,192.168.162.241,unknown,auth,0.0045000000000000005,0,NORMAL
unknown,192.168.198.206,unknown,auth,0.14793235551778816,0,NORMAL
unknown,192.168.180.53,unknown,auth,0.00712871287128713,0,NORMAL
unknown,192.168.83.241,unknown,auth,0.03801969104341985,0,NORMAL
unknown,192.168.24.66,unknown,auth,0.13349764195496264,0,NORMAL
unknown,192.168.251.189,unknown,auth,0.13438007746430983,0,NORMAL
unknown,192.168.182.173,unknown,auth,0.04721858101725357,0,NORMAL
unknown,192.168.151.225,unknown,auth,0.015674481781137423,0,NORMAL
unknown,192.168.45.21,unknown,auth,0.029541257630663648,0,NORMAL
unknown,192.168.138.175,unknown,auth,0.03450531091157333,0,NORMAL
unknown,192.168.7.38,unknown,auth,0.04342530497467094,0,NORMAL
unknown,192.168.234.162,unknown,auth,0.09575418832070089,0,NORMAL
unknown,192.168.48.45,unknown,auth,0.05254433940046959,0,NORMAL
unknown,192.168.37.135,unknown,auth,0.07891748649723627,0,NORMAL
unknown,192.168.53.164,unknown,auth,0.023646792341868405,0,NORMAL
unknown,192.168.218.91,unknown,auth,0.003582089552238805,0,NORMAL
unknown,192.168.39.33,unknown,auth,0.08031136589475038,0,NORMAL
unknown,192.168.95.78,unknown,auth,0.5330058940474689,1,MEDIUM
unknown,192.168.235.126,unknown,auth,0.008269589552238806,0,NORMAL
unknown,192.168.16.160,unknown,auth,0.7063614515759737,1,HIGH
unknown,192.168.174.109,unknown,auth,0.027109832196366295,0,NORMAL
unknown,192.168.51.117,unknown,auth,0.03205183926319829,0,NORMAL
unknown,192.168.207.220,unknown,auth,0.14496757681087996,0,NORMAL
unknown,192.168.8.32,unknown,auth,0.019056603773584903,0,NORMAL
unknown,192.168.187.112,unknown,auth,0.012769589552238805,0,NORMAL
unknown,192.168.220.204,unknown,auth,0.15172531542202564,0,NORMAL
unknown,192.168.148.185,unknown,auth,0.01264115860223427,0,NORMAL
unknown,192.168.84.196,unknown,auth,0.0,0,NORMAL
unknown,192.168.9.5,unknown,auth,0.12592573051716194,0,NORMAL
unknown,192.168.247.114,unknown,auth,0.0173859126984127,0,NORMAL
unknown,192.168.120.140,unknown,auth,0.11891992854997463,0,NORMAL
unknown,192.168.64.19,unknown,auth,0.2525396613098002,0,NORMAL
unknown,192.168.56.238,unknown,auth,0.03868481910739185,0,NORMAL
unknown,192.168.45.135,unknown,auth,0.06387966300444024,0,NORMAL
unknown,192.168.9.200,unknown,auth,0.03685714285714286,0,NORMAL
unknown,192.168.112.232,unknown,auth,0.003582089552238805,0,NORMAL
unknown,192.168.194.138,unknown,auth,0.01686286594761171,0,NORMAL
unknown,192.168.11.137,unknown,auth,0.0,0,NORMAL
unknown,192.168.152.176,unknown,auth,0.12578471780156472,0,NORMAL
unknown,192.168.176.216,unknown,auth,0.0428842103573249,0,NORMAL
unknown,192.168.10.189,unknown,auth,0.01,0,NORMAL
unknown,192.168.117.163,unknown,auth,0.03457030564620837,0,NORMAL
unknown,192.168.38.52,unknown,auth,0.04083830129562198,0,NORMAL
unknown,192.168.217.205,unknown,auth,0.1020940720422361,0,NORMAL
unknown,192.168.230.55,unknown,auth,0.068704254672737,0,NORMAL
unknown,192.168.103.128,unknown,auth,0.008135593220338983,0,NORMAL
unknown,192.168.55.117,unknown,auth,0.0,0,NORMAL
unknown,192.168.131.252,unknown,auth,0.6372849289208715,1,MEDIUM
unknown,192.168.29.11,unknown,auth,0.029784670097628533,0,NORMAL
unknown,192.168.247.34,unknown,auth,0.0502098784893828,0,NORMAL
unknown,192.168.76.179,unknown,auth,0.030136119059847876,0,NORMAL
unknown,192.168.158.101,unknown,auth,0.01446867359413203,0,NORMAL
unknown,192.168.234.86,unknown,auth,0.11112765466292922,0,NORMAL
unknown,192.168.195.51,unknown,auth,0.02889838487921377,0,NORMAL
unknown,192.168.79.134,unknown,auth,0.048059002008596516,0,NORMAL
unknown,192.168.21.220,unknown,auth,0.037524105841287805,0,NORMAL
unknown,192.168.74.183,unknown,auth,0.008063208519409133,0,NORMAL
unknown,192.168.224.57,unknown,auth,0.0895898550147969,0,NORMAL
unknown,192.168.92.191,unknown,auth,0.07003044000465843,0,NORMAL
unknown,192.168.250.102,unknown,auth,0.0,0,NORMAL
unknown,192.168.139.6,unknown,auth,0.15244414381215313,0,NORMAL
unknown,192.168.127.250,unknown,auth,0.008971962616822432,0,NORMAL
unknown,192.168.54.230,unknown,auth,0.031991224299409426,0,NORMAL
unknown,192.168.105.61,unknown,auth,0.1483831969988358,0,NORMAL
unknown,192.168.239.89,unknown,auth,0.047128712871287136,0,NORMAL
unknown,192.168.231.200,unknown,auth,0.22622806474653231,0,NORMAL
unknown,192.168.232.97,unknown,auth,0.06606193103674732,0,NORMAL
unknown,192.168.236.76,unknown,auth,0.11174549653154806,0,NORMAL
unknown,192.168.182.118,unknown,auth,0.09597569642343773,0,NORMAL
unknown,192.168.35.88,unknown,auth,0.04467410209449294,0,NORMAL
unknown,192.168.151.171,unknown,auth,0.030897562727553955,0,NORMAL
unknown,192.168.144.129,unknown,auth,0.033706525133673594,0,NORMAL
unknown,192.168.140.158,unknown,auth,0.09943261829278338,0,NORMAL
unknown,192.168.92.113,unknown,auth,0.0,0,NORMAL
unknown,192.168.27.187,unknown,auth,0.03199433394437855,0,NORMAL
unknown,192.168.154.142,unknown,auth,0.052095241368119403,0,NORMAL
unknown,192.168.222.231,unknown,auth,0.08842380010571031,0,NORMAL
unknown,192.168.206.32,unknown,auth,0.07787021906272884,0,NORMAL
unknown,192.168.19.169,unknown,auth,0.07591789991305731,0,NORMAL
unknown,192.168.139.100,unknown,auth,0.005281173594132028,0,NORMAL
unknown,192.168.200.22,unknown,auth,0.08308085312015334,0,NORMAL
unknown,192.168.199.223,unknown,auth,0.019993544841543306,0,NORMAL
unknown,192.168.111.13,unknown,auth,0.025868107189627607,0,NORMAL
unknown,192.168.90.152,unknown,auth,0.01446867359413203,0,NORMAL
unknown,192.168.76.246,unknown,auth,0.0741052919752203,0,NORMAL
unknown,192.168.84.108,unknown,auth,0.04103617075346772,0,NORMAL
unknown,192.168.30.228,unknown,auth,0.07467071299550224,0,NORMAL
unknown,192.168.239.121,unknown,auth,0.05499173214953232,0,NORMAL
unknown,192.168.106.53,unknown,auth,0.008470588235294119,0,NORMAL
unknown,192.168.132.140,unknown,auth,0.05656856287572023,0,NORMAL
unknown,192.168.155.42,unknown,auth,0.014808805598033001,0,NORMAL
unknown,192.168.88.114,unknown,auth,0.06797591437780452,0,NORMAL
unknown,192.168.98.46,unknown,auth,0.11478963939692745,0,NORMAL
unknown,192.168.230.70,unknown,auth,0.08998742206068922,0,NORMAL
unknown,192.168.165.223,unknown,auth,0.0,0,NORMAL
unknown,192.168.66.61,unknown,auth,0.09839333126872686,0,NORMAL
unknown,192.168.108.166,unknown,auth,0.01194138476395751,0,NORMAL
unknown,192.168.36.118,unknown,auth,0.07331735814745606,0,NORMAL
unknown,192.168.241.85,unknown,auth,0.08616371993259193,0,NORMAL
unknown,192.168.125.135,unknown,auth,0.02838512587263976,0,NORMAL
unknown,192.168.208.51,unknown,auth,0.03807465142520077,0,NORMAL
unknown,192.168.90.32,unknown,auth,0.06992361498324703,0,NORMAL
unknown,192.168.237.80,unknown,auth,0.13325945477902237,0,NORMAL
unknown,192.168.41.203,unknown,auth,0.0,0,NORMAL
unknown,192.168.111.237,unknown,auth,0.06607935688358102,0,NORMAL
unknown,192.168.125.154,unknown,auth,0.0,0,NORMAL
unknown,192.168.239.135,unknown,auth,0.008269589552238806,0,NORMAL
unknown,192.168.150.251,unknown,auth,0.014499999999999999,0,NORMAL
unknown,192.168.105.124,unknown,auth,0.0145737634898488,0,NORMAL
unknown,192.168.112.63,unknown,auth,0.0,0,NORMAL
unknown,192.168.122.253,unknown,auth,0.014499999999999999,0,NORMAL
unknown,192.168.220.113,unknown,auth,0.0091875,0,NORMAL
unknown,192.168.19.15,unknown,auth,0.14759197060074267,0,NORMAL
unknown,192.168.144.207,unknown,auth,0.05627118644067797,0,NORMAL
unknown,192.168.18.119,unknown,auth,0.03,0,NORMAL
unknown,192.168.247.135,unknown,auth,0.04749271896097605,0,NORMAL
unknown,192.168.165.37,unknown,auth,0.015740296643919655,0,NORMAL
unknown,192.168.180.92,unknown,auth,0.0,0,NORMAL
unknown,192.168.104.99,unknown,auth,0.10735932033692482,0,NORMAL
unknown,192.168.89.158,unknown,auth,0.13903401089533649,0,NORMAL
unknown,192.168.43.187,unknown,auth,0.0586718916586522,0,NORMAL
unknown,192.168.75.246,unknown,auth,0.0,0,NORMAL
unknown,192.168.144.78,unknown,auth,0.01322922567472275,0,NORMAL
unknown,192.168.72.166,unknown,auth,0.09883994158632771,0,NORMAL
unknown,192.168.169.175,unknown,auth,0.031361031739861996,0,NORMAL
unknown,192.168.139.95,unknown,auth,0.005281173594132028,0,NORMAL
unknown,192.168.88.102,unknown,auth,0.04360790801056847,0,NORMAL
unknown,192.168.145.206,unknown,auth,0.5829524653093716,1,MEDIUM
unknown,192.168.223.5,unknown,auth,0.013582089552238805,0,NORMAL
unknown,192.168.121.235,unknown,auth,0.055473899813835686,0,NORMAL
unknown,192.168.170.115,unknown,auth,0.10969412209836174,0,NORMAL
unknown,192.168.162.225,unknown,auth,0.13700515736520702,0,NORMAL
unknown,192.168.229.247,unknown,auth,0.20945239272974928,0,NORMAL
unknown,192.168.181.248,unknown,auth,0.050394498892792745,0,NORMAL
unknown,192.168.61.196,unknown,auth,0.0245,0,NORMAL
unknown,192.168.209.143,unknown,auth,0.0091875,0,NORMAL
unknown,192.168.135.88,unknown,auth,0.01,0,NORMAL
unknown,192.168.95.125,unknown,auth,0.04527134949275746,0,NORMAL
unknown,192.168.89.243,unknown,auth,0.07903414562905554,0,NORMAL
unknown,192.168.85.158,unknown,auth,0.5907548756982763,1,MEDIUM
unknown,192.168.234.137,unknown,auth,0.029788425612147434,0,NORMAL
unknown,192.168.183.120,unknown,auth,0.01,0,NORMAL
unknown,192.168.75.244,unknown,auth,0.003582089552238805,0,NORMAL
unknown,192.168.91.69,unknown,auth,0.012682926829268288,0,NORMAL
unknown,192.168.250.147,unknown,auth,0.0,0,NORMAL
unknown,192.168.132.22,unknown,auth,0.18128759961172072,0,NORMAL
unknown,192.168.136.57,unknown,auth,0.14166573422676343,0,NORMAL
unknown,192.168.186.220,unknown,auth,0.1296149048492797,0,NORMAL
unknown,192.168.207.181,unknown,auth,0.15506268142609822,0,NORMAL
unknown,192.168.45.21,unknown,auth,0.11318208955223881,0,NORMAL
unknown,192.168.191.7,unknown,auth,0.09942615492833237,0,NORMAL
unknown,192.168.122.19,unknown,auth,0.05287329373806328,0,NORMAL
unknown,192.168.178.77,unknown,auth,0.14290377178768435,0,NORMAL
unknown,192.168.38.36,unknown,auth,0.04937027882082698,0,NORMAL
unknown,192.168.177.161,unknown,auth,0.007912087912087912,0,NORMAL
unknown,192.168.74.117,unknown,auth,0.012401042231242046,0,NORMAL
unknown,192.168.103.160,unknown,auth,0.026710699537367658,0,NORMAL
unknown,192.168.30.122,unknown,auth,0.05404358123988875,0,NORMAL
unknown,192.168.53.171,unknown,auth,0.025582926829268292,0,NORMAL
unknown,192.168.33.241,unknown,auth,0.0635965242818432,0,NORMAL
unknown,192.168.198.121,unknown,auth,0.041828658602234274,0,NORMAL
unknown,192.168.112.245,unknown,auth,0.0481602745722696,0,NORMAL
unknown,192.168.61.22,unknown,auth,0.6623860385320371,1,MEDIUM
unknown,192.168.45.55,unknown,auth,0.10020905806862572,0,NORMAL
unknown,192.168.134.117,unknown,auth,0.014969683339553017,0,NORMAL
unknown,192.168.216.188,unknown,auth,0.623709756675981,1,MEDIUM
unknown,192.168.130.250,unknown,auth,0.07847913867651482,0,NORMAL
unknown,192.168.165.211,unknown,auth,0.14200928340747215,0,NORMAL
unknown,192.168.161.112,unknown,auth,0.04906912725029155,0,NORMAL
unknown,192.168.43.127,unknown,auth,0.07005623365966314,0,NORMAL
unknown,192.168.107.157,unknown,auth,0.18053317833200605,0,NORMAL
unknown,192.168.16.58,unknown,auth,0.0622922114494911,0,NORMAL
unknown,192.168.137.98,unknown,auth,0.08649405835284686,0,NORMAL
unknown,192.168.83.255,unknown,auth,0.0850479979985636,0,NORMAL
unknown,192.168.145.44,unknown,auth,0.018436651583710408,0,NORMAL
unknown,192.168.107.218,unknown,auth,0.008082089552238804,0,NORMAL
unknown,192.168.186.61,unknown,auth,0.020347267136494544,0,NORMAL
unknown,192.168.58.176,unknown,auth,0.025166962984144944,0,NORMAL
unknown,192.168.227.190,unknown,auth,0.12171755739219217,0,NORMAL
unknown,192.168.214.159,unknown,auth,0.06171246222126072,0,NORMAL
unknown,192.168.137.10,unknown,auth,0.014412656558998016,0,NORMAL
unknown,192.168.101.69,unknown,auth,0.022850763146370835,0,NORMAL
unknown,192.168.122.232,unknown,auth,0.14405197520917887,0,NORMAL
unknown,192.168.189.174,unknown,auth,0.06577542544395179,0,NORMAL
unknown,192.168.33.227,unknown,auth,0.04558914211334939,0,NORMAL
unknown,192.168.100.144,unknown,auth,0.02759885604435313,0,NORMAL
unknown,192.168.231.103,unknown,auth,0.0336005171299289,0,NORMAL
unknown,192.168.181.203,unknown,auth,0.04146889176242723,0,NORMAL
unknown,192.168.212.39,unknown,auth,0.09518142049818538,0,NORMAL
unknown,192.168.18.66,unknown,auth,0.6558207003098042,1,MEDIUM
unknown,192.168.81.180,unknown,auth,0.025445769753954878,0,NORMAL
unknown,192.168.242.63,unknown,auth,0.03,0,NORMAL
unknown,192.168.82.46,unknown,auth,0.11270269512133547,0,NORMAL
unknown,192.168.5.15,unknown,auth,0.17748883150343644,0,NORMAL
unknown,192.168.199.239,unknown,auth,0.0188433796355295,0,NORMAL
unknown,192.168.145.179,unknown,auth,0.052918868642455506,0,NORMAL
unknown,192.168.175.170,unknown,auth,0.04987474349519269,0,NORMAL
unknown,192.168.38.255,unknown,auth,0.028600847281665606,0,NORMAL
unknown,192.168.176.112,unknown,auth,0.0,0,NORMAL
unknown,192.168.139.236,unknown,auth,0.01935064935064935,0,NORMAL
unknown,192.168.137.70,unknown,auth,0.06617727252353862,0,NORMAL
unknown,192.168.109.54,unknown,auth,0.05351235522370578,0,NORMAL
unknown,192.168.128.48,unknown,auth,0.00233009708737864,0,NORMAL
unknown,192.168.163.20,unknown,auth,0.07334783640148455,0,NORMAL
unknown,192.168.36.115,unknown,auth,0.01451194282490126,0,NORMAL
unknown,192.168.23.54,unknown,auth,0.03357181571815718,0,NORMAL
unknown,192.168.24.134,unknown,auth,0.04120726896262849,0,NORMAL
unknown,192.168.126.233,unknown,auth,0.04331144790779428,0,NORMAL
unknown,192.168.208.92,unknown,auth,0.17338274709630205,0,NORMAL
unknown,192.168.93.70,unknown,auth,0.19700641904472857,0,NORMAL
unknown,192.168.224.198,unknown,auth,0.09175032127461594,0,NORMAL
unknown,192.168.121.23,unknown,auth,0.016970954356846476,0,NORMAL
unknown,192.168.10.72,unknown,auth,0.589391798930939,1,MEDIUM
unknown,192.168.11.34,unknown,auth,0.05372078287806252,0,NORMAL
unknown,192.168.190.195,unknown,auth,0.008082089552238804,0,NORMAL
unknown,192.168.227.219,unknown,auth,0.03,0,NORMAL
unknown,192.168.184.140,unknown,auth,0.05184375400353681,0,NORMAL
unknown,192.168.22.82,unknown,auth,0.13159621189294218,0,NORMAL
unknown,192.168.233.228,unknown,auth,0.07493671309380522,0,NORMAL
unknown,192.168.166.87,unknown,auth,0.05768111794378814,0,NORMAL
unknown,192.168.79.96,unknown,auth,0.012401042231242046,0,NORMAL
unknown,192.168.139.33,unknown,auth,0.017922332196366297,0,NORMAL
unknown,192.168.198.74,unknown,auth,0.11875447355799876,0,NORMAL
unknown,192.168.158.220,unknown,auth,0.22795296220880285,0,NORMAL
unknown,192.168.127.189,unknown,auth,0.020917020671199785,0,NORMAL
unknown,192.168.140.30,unknown,auth,0.0,0,NORMAL
unknown,192.168.129.102,unknown,auth,0.029917115130597294,0,NORMAL
unknown,192.168.14.56,unknown,auth,0.6086619211788173,1,MEDIUM
